﻿<?xml version="1.0" encoding="utf-8" ?>
<c2eventsheet>
    <!--All the 'name' attributes are ignored by Construct 2 - they are there for readability only.-->
    <name>Event Fase 3</name>
    <events>
        <include>Controles</include>
        <event-block sid="821816777204757">
            <conditions>
                <condition id="-2" name="On start of layout" sid="583961206934727" type="System" />
            </conditions>
            <actions />
        </event-block>
        <event-block sid="112815939438815">
            <conditions>
                <condition id="-1" name="Every tick" sid="760560858751584" type="System" />
            </conditions>
            <actions>
                <action id="4" name="Set animation" sid="975218715182746" type="Player">
                    <param id="0" name="Animation">&quot;ID_&quot; &amp; Player.Estado</param>
                    <param id="1" name="From">1</param>
                </action>
            </actions>
        </event-block>
        <event-block sid="938288441625086">
            <conditions>
                <condition id="0" name="On key pressed" sid="511938764735556" type="Keyboard">
                    <param id="0" name="Key">38</param>
                </condition>
            </conditions>
            <actions>
                <action behavior="Platform" id="7" name="Simulate control" sid="212871421277207" type="Player">
                    <param id="0" name="Control">2</param>
                </action>
            </actions>
        </event-block>
        <event-block sid="875615443050238">
            <conditions>
                <condition id="2" name="Key is down" sid="830695924114759" type="Keyboard">
                    <param id="0" name="Key">37</param>
                </condition>
            </conditions>
            <actions>
                <action id="4" name="Set animation" sid="985140667313800" type="Player">
                    <param id="0" name="Animation">&quot;ID_Andando&quot;</param>
                    <param id="1" name="From">1</param>
                </action>
                <action id="7" name="Set mirrored" sid="452136676337171" type="Player">
                    <param id="0" name="State">0</param>
                </action>
            </actions>
        </event-block>
        <event-block sid="374390417436732">
            <conditions>
                <condition id="-22" name="Else" sid="216968274347477" type="System" />
            </conditions>
            <actions />
            <sub-events>
                <event-block sid="379298420902786">
                    <conditions>
                        <condition behavior="Platform" id="2" name="Is on floor" sid="759803725183088" type="Player" />
                    </conditions>
                    <actions>
                        <action id="-10" name="Set value" sid="302660620523412" type="Player">
                            <param id="0" name="Instance variable">Estado</param>
                            <param id="1" name="Value">&quot;Parado&quot;</param>
                        </action>
                    </actions>
                </event-block>
            </sub-events>
        </event-block>
        <event-block sid="829940327448821">
            <conditions>
                <condition id="2" name="Key is down" sid="895690938339345" type="Keyboard">
                    <param id="0" name="Key">39</param>
                </condition>
            </conditions>
            <actions>
                <action id="4" name="Set animation" sid="264832702819219" type="Player">
                    <param id="0" name="Animation">&quot;ID_Andando&quot;</param>
                    <param id="1" name="From">1</param>
                </action>
                <action id="7" name="Set mirrored" sid="270009160109607" type="Player">
                    <param id="0" name="State">1</param>
                </action>
            </actions>
        </event-block>
        <event-block sid="599386738955899">
            <conditions>
                <condition id="-22" name="Else" sid="108920749796274" type="System" />
            </conditions>
            <actions />
            <sub-events>
                <event-block sid="872407835194421">
                    <conditions>
                        <condition behavior="Platform" id="2" name="Is on floor" sid="252964267839423" type="Player" />
                    </conditions>
                    <actions>
                        <action id="-10" name="Set value" sid="417111807913855" type="Player">
                            <param id="0" name="Instance variable">Estado</param>
                            <param id="1" name="Value">&quot;Parado&quot;</param>
                        </action>
                    </actions>
                </event-block>
            </sub-events>
        </event-block>
        <event-block sid="423058980992912">
            <conditions>
                <condition id="0" name="On collision with another object" sid="707578483951858" type="Player">
                    <param id="0" name="Object">VenonDino</param>
                </condition>
            </conditions>
            <actions />
            <sub-events>
                <event-block sid="534040651334400">
                    <conditions>
                        <condition id="-2" name="Compare Y" sid="344849968197731" type="Player">
                            <param id="0" name="Comparison">2</param>
                            <param id="1" name="Y co-ordinate">VenonDino.Y</param>
                        </condition>
                    </conditions>
                    <actions>
                        <action id="-9" name="Destroy" sid="933207411659304" type="VenonDino" />
                    </actions>
                </event-block>
            </sub-events>
        </event-block>
        <event-block sid="538319731736910">
            <conditions>
                <condition id="0" name="On collision with another object" sid="440004371525106" type="Player">
                    <param id="0" name="Object">Velo</param>
                </condition>
            </conditions>
            <actions />
            <sub-events>
                <event-block sid="602790333252442">
                    <conditions>
                        <condition id="-2" name="Compare Y" sid="574266685532871" type="Player">
                            <param id="0" name="Comparison">2</param>
                            <param id="1" name="Y co-ordinate">Velo.Y</param>
                        </condition>
                    </conditions>
                    <actions>
                        <action id="-9" name="Destroy" sid="495883149363386" type="Velo" />
                    </actions>
                </event-block>
            </sub-events>
        </event-block>
        <event-block sid="817031152335364">
            <conditions>
                <condition id="0" name="On collision with another object" sid="127433512133943" type="Player">
                    <param id="0" name="Object">Limbo</param>
                </condition>
            </conditions>
            <actions>
                <action id="-2" name="Go to layout" sid="585270845721087" type="System">
                    <param id="0" name="Layout">Fase 1</param>
                </action>
            </actions>
        </event-block>
        <event-block sid="400428753305266">
            <conditions>
                <condition id="0" name="On key pressed" sid="947281200691996" type="Keyboard">
                    <param id="0" name="Key">32</param>
                </condition>
            </conditions>
            <actions>
                <action id="-10" name="Set value" sid="704021778219238" type="Player">
                    <param id="0" name="Instance variable">Estado</param>
                    <param id="1" name="Value">&quot;Ataque&quot;</param>
                </action>
            </actions>
        </event-block>
        <event-block sid="208146174006802">
            <conditions>
                <condition id="2" name="Is playing" sid="559922846930617" type="Player">
                    <param id="0" name="Animation">&quot;ID_Ataque&quot;</param>
                </condition>
            </conditions>
            <actions />
            <sub-events>
                <event-block sid="697519371136041">
                    <conditions>
                        <condition id="3" name="Compare frame" sid="640766586208778" type="Player">
                            <param id="0" name="Comparison">0</param>
                            <param id="1" name="Number">2</param>
                        </condition>
                    </conditions>
                    <actions>
                        <action id="-4" name="Set position to another object" sid="345967673008050" type="Dano">
                            <param id="0" name="Object">Player</param>
                            <param id="1" name="Image point (optional)">1</param>
                        </action>
                    </actions>
                    <sub-events>
                        <event-block sid="474636881951753">
                            <conditions>
                                <condition id="-4" name="Trigger once while true" sid="257562820156822" type="System" />
                            </conditions>
                            <actions>
                                <action id="0" name="Spawn another object" sid="852524099929262" type="Player">
                                    <param id="0" name="Object">Dano</param>
                                    <param id="1" name="Layer">0</param>
                                    <param id="2" name="Image point">1</param>
                                </action>
                            </actions>
                        </event-block>
                        <event-block sid="793252656302307">
                            <conditions>
                                <condition id="7" name="Is mirrored" sid="474914346783731" type="Player" />
                            </conditions>
                            <actions>
                                <action id="7" name="Set mirrored" sid="120816162556689" type="Dano">
                                    <param id="0" name="State">0</param>
                                </action>
                            </actions>
                        </event-block>
                        <event-block sid="729930323353754">
                            <conditions>
                                <condition id="-22" name="Else" sid="971889270720387" type="System" />
                            </conditions>
                            <actions>
                                <action id="7" name="Set mirrored" sid="441229658913292" type="Dano">
                                    <param id="0" name="State">1</param>
                                </action>
                            </actions>
                        </event-block>
                    </sub-events>
                </event-block>
                <event-block sid="537921692455211">
                    <conditions>
                        <condition id="3" name="Compare frame" sid="838460293198347" type="Player">
                            <param id="0" name="Comparison">0</param>
                            <param id="1" name="Number">3</param>
                        </condition>
                    </conditions>
                    <actions>
                        <action id="-9" name="Destroy" sid="656506369467612" type="Dano" />
                        <action id="-10" name="Set value" sid="577433023478546" type="Player">
                            <param id="0" name="Instance variable">Estado</param>
                            <param id="1" name="Value">&quot;Parado&quot;</param>
                        </action>
                    </actions>
                </event-block>
            </sub-events>
        </event-block>
        <event-block sid="980972170235291">
            <conditions>
                <condition id="0" name="On collision with another object" sid="131772988048921" type="Dano">
                    <param id="0" name="Object">Velo</param>
                </condition>
            </conditions>
            <actions>
                <action id="-9" name="Destroy" sid="367534176724914" type="Velo" />
            </actions>
        </event-block>
    </events>
</c2eventsheet>
